"","name","vehicles","starships"
"1","Luke Skywalker","Snowspeeder, Imperial Speeder Bike","X-wing, Imperial shuttle"
"2","C-3PO","",""
"3","R2-D2","",""
"4","Darth Vader","","TIE Advanced x1"
"5","Leia Organa","Imperial Speeder Bike",""
"6","Owen Lars","",""
"7","Beru Whitesun Lars","",""
"8","R5-D4","",""
"9","Biggs Darklighter","","X-wing"
"10","Obi-Wan Kenobi","Tribubble bongo","Jedi starfighter, Trade Federation cruiser, Naboo star skiff, Jedi Interceptor, Belbullab-22 starfighter"
"11","Anakin Skywalker","Zephyr-G swoop bike, XJ-6 airspeeder","Naboo fighter, Trade Federation cruiser, Jedi Interceptor"
"12","Wilhuff Tarkin","",""
"13","Chewbacca","AT-ST","Millennium Falcon, Imperial shuttle"
"14","Han Solo","","Millennium Falcon, Imperial shuttle"
"15","Greedo","",""
"16","Jabba Desilijic Tiure","",""
"17","Wedge Antilles","Snowspeeder","X-wing"
"18","Jek Tono Porkins","","X-wing"
"19","Yoda","",""
"20","Palpatine","",""
"21","Boba Fett","","Slave 1"
"22","IG-88","",""
"23","Bossk","",""
"24","Lando Calrissian","","Millennium Falcon"
"25","Lobot","",""
"26","Ackbar","",""
"27","Mon Mothma","",""
"28","Arvel Crynyd","","A-wing"
"29","Wicket Systri Warrick","",""
"30","Nien Nunb","","Millennium Falcon"
"31","Qui-Gon Jinn","Tribubble bongo",""
"32","Nute Gunray","",""
"33","Finis Valorum","",""
"34","Padmé Amidala","","Naboo fighter, H-type Nubian yacht, Naboo star skiff"
"35","Jar Jar Binks","",""
"36","Roos Tarpals","",""
"37","Rugor Nass","",""
"38","Ric Olié","","Naboo Royal Starship"
"39","Watto","",""
"40","Sebulba","",""
"41","Quarsh Panaka","",""
"42","Shmi Skywalker","",""
"43","Darth Maul","Sith speeder","Scimitar"
"44","Bib Fortuna","",""
"45","Ayla Secura","",""
"46","Ratts Tyerel","",""
"47","Dud Bolt","",""
"48","Gasgano","",""
"49","Ben Quadinaros","",""
"50","Mace Windu","",""
"51","Ki-Adi-Mundi","",""
"52","Kit Fisto","",""
"53","Eeth Koth","",""
"54","Adi Gallia","",""
"55","Saesee Tiin","",""
"56","Yarael Poof","",""
"57","Plo Koon","","Jedi starfighter"
"58","Mas Amedda","",""
"59","Gregar Typho","","Naboo fighter"
"60","Cordé","",""
"61","Cliegg Lars","",""
"62","Poggle the Lesser","",""
"63","Luminara Unduli","",""
"64","Barriss Offee","",""
"65","Dormé","",""
"66","Dooku","Flitknot speeder",""
"67","Bail Prestor Organa","",""
"68","Jango Fett","",""
"69","Zam Wesell","Koro-2 Exodrive airspeeder",""
"70","Dexter Jettster","",""
"71","Lama Su","",""
"72","Taun We","",""
"73","Jocasta Nu","",""
"74","R4-P17","",""
"75","Wat Tambor","",""
"76","San Hill","",""
"77","Shaak Ti","",""
"78","Grievous","Tsmeu-6 personal wheel bike","Belbullab-22 starfighter"
"79","Tarfful","",""
"80","Raymus Antilles","",""
"81","Sly Moore","",""
"82","Tion Medon","",""
"83","Finn","",""
"84","Rey","",""
"85","Poe Dameron","","X-wing"
"86","BB8","",""
"87","Captain Phasma","",""
