,major,DATA118,DATA119,DATA120
1,Other,0,0,0
2,BIOS,0,1,0
3,Other,0,0,0
4,Other,0,0,0
5,ECON,0,0,0
6,BIOS,0,0,0
7,Other,0,0,0
8,ECON,0,0,0
9,ECON,0,0,0
10,Other,1,0,0
11,ECON,1,0,0
12,ECON,0,0,1
13,MATH,0,0,0
14,Other,0,0,0
15,MATH,0,0,0
16,DATA,1,1,1
17,Other,0,0,0
18,ECON,0,1,0
19,Other,0,0,0
20,Other,0,0,0
21,ECON,0,0,0
22,Other,0,1,0
23,PLSC,0,0,0
24,Other,0,0,0
25,DATA,1,0,0
26,ECON,1,0,0
27,PLSC,0,1,0
28,BIOS,0,0,0
29,BIOS,0,0,0
30,BIOS,0,0,1
31,Other,1,0,0
32,ECON,0,0,0
33,BIOS,0,0,0
34,ECON,0,0,0
35,Other,1,0,0
36,Other,0,0,0
37,Other,0,0,0
38,DATA,1,0,0
39,Other,0,0,0
40,MATH,0,1,0
41,MATH,0,1,0
42,Other,0,0,0
43,ECON,0,0,0
44,Other,1,0,0
45,DATA,1,1,0
46,PLSC,0,0,0
47,Other,0,0,0
48,Other,0,1,0
49,BIOS,0,0,0
50,ECON,0,0,0
51,Other,0,0,0
52,BIOS,0,0,0
53,BIOS,0,0,0
54,ECON,0,0,0
55,Other,0,1,0
56,Other,1,1,0
57,Other,1,0,0
58,DATA,0,1,0
59,MATH,0,0,0
60,PLSC,0,0,0
61,Other,0,0,0
62,ECON,1,0,0
63,ECON,1,0,0
64,PLSC,0,0,0
65,ECON,0,0,0
66,Other,1,0,0
67,DATA,0,0,0
68,MATH,1,0,0
69,Other,0,0,0
70,Other,0,0,0
71,DATA,1,0,0
72,DATA,1,1,0
73,PLSC,0,0,0
74,Other,0,0,0
75,Other,1,0,0
76,Other,0,1,0
77,PLSC,0,0,0
78,ECON,1,0,0
79,MATH,1,0,0
80,PLSC,0,0,0
81,PLSC,0,1,0
82,ECON,0,0,0
83,Other,1,0,0
84,Other,1,0,0
85,ECON,1,0,0
86,ECON,0,0,0
87,Other,0,0,0
88,ECON,0,0,0
89,Other,0,1,0
90,ECON,0,0,0
91,PLSC,0,0,0
92,Other,0,0,0
93,Other,0,0,0
94,Other,0,0,0
95,MATH,0,1,0
96,PLSC,1,0,0
97,Other,0,0,0
98,Other,0,0,0
99,ECON,0,0,0
100,DATA,1,0,0
101,ECON,0,0,0
102,BIOS,0,0,0
103,MATH,0,0,0
104,MATH,1,1,0
105,MATH,0,0,0
106,PLSC,0,0,0
107,Other,0,0,0
108,DATA,1,1,0
109,Other,0,0,1
110,Other,0,0,0
111,BIOS,0,0,1
112,MATH,0,0,0
113,ECON,0,0,0
114,ECON,0,0,0
115,Other,0,0,0
116,ECON,0,0,0
117,ECON,0,1,0
118,DATA,0,0,0
119,BIOS,0,0,0
120,Other,0,0,0
121,MATH,1,1,0
122,Other,0,0,0
123,Other,0,0,0
124,BIOS,0,0,0
125,Other,0,1,1
126,ECON,0,0,0
127,BIOS,0,0,0
128,PLSC,0,0,0
129,Other,0,0,0
130,Other,0,0,0
131,ECON,0,0,0
132,PLSC,0,0,0
133,MATH,1,0,0
134,Other,0,0,0
135,ECON,0,1,0
136,Other,0,0,0
137,Other,0,0,0
138,PLSC,0,1,0
139,MATH,0,0,0
140,Other,0,0,0
141,MATH,0,0,0
142,Other,0,0,0
143,BIOS,0,0,0
144,Other,0,0,0
145,BIOS,0,0,0
146,BIOS,0,1,0
147,BIOS,1,0,0
148,PLSC,0,0,0
149,ECON,0,0,0
150,Other,0,0,0
151,ECON,0,0,0
152,ECON,1,0,0
153,Other,1,0,0
154,Other,1,0,0
155,Other,0,0,0
156,ECON,0,0,0
157,ECON,0,0,0
158,Other,0,0,0
159,MATH,0,0,0
160,MATH,0,1,0
161,Other,0,0,0
162,Other,0,0,0
163,Other,0,0,0
164,Other,0,0,0
165,ECON,0,0,0
166,Other,1,0,0
167,DATA,0,1,1
168,Other,0,0,0
169,Other,0,0,0
170,DATA,0,0,0
171,MATH,0,0,0
172,MATH,0,1,0
173,MATH,0,0,0
174,BIOS,1,0,0
175,Other,0,0,0
176,ECON,0,0,0
177,ECON,0,0,0
178,Other,0,0,0
179,Other,0,0,0
180,BIOS,0,0,0
181,ECON,0,0,1
182,ECON,1,0,0
183,DATA,0,0,0
184,ECON,0,1,0
185,BIOS,0,0,0
186,Other,1,0,0
187,BIOS,0,0,0
188,PLSC,0,0,0
189,ECON,1,0,0
190,PLSC,0,0,0
191,BIOS,0,0,0
192,DATA,0,1,1
193,Other,0,0,0
194,Other,0,0,0
195,ECON,0,0,0
196,ECON,0,0,0
197,MATH,0,0,0
198,Other,0,0,0
199,DATA,0,1,1
200,MATH,0,0,0
201,Other,0,0,0
202,DATA,1,0,0
203,ECON,0,0,0
204,MATH,0,1,0
205,Other,1,0,0
206,BIOS,0,0,0
207,ECON,0,0,0
208,Other,0,1,0
209,Other,0,0,0
210,MATH,1,0,0
211,ECON,1,0,0
212,PLSC,1,0,0
213,Other,0,1,0
214,Other,0,0,0
215,Other,0,0,0
216,Other,0,1,0
217,ECON,0,0,0
218,Other,0,1,0
219,BIOS,0,1,0
220,MATH,1,0,0
221,Other,0,0,0
222,Other,1,0,0
223,Other,1,0,0
224,Other,0,0,0
225,ECON,1,0,0
226,DATA,1,1,0
227,DATA,0,0,1
228,BIOS,1,0,0
229,BIOS,0,0,0
230,ECON,0,0,0
231,ECON,1,0,0
232,Other,0,0,0
233,ECON,1,0,0
234,PLSC,0,0,0
235,Other,1,1,0
236,BIOS,0,1,0
237,ECON,0,0,0
238,Other,0,0,0
239,ECON,0,0,0
240,BIOS,0,0,0
241,MATH,0,0,0
242,Other,1,0,0
243,MATH,0,0,0
244,ECON,0,0,0
245,MATH,1,0,0
246,MATH,0,0,0
247,PLSC,1,0,0
248,MATH,0,0,0
249,Other,0,0,0
250,PLSC,0,0,0
251,ECON,0,0,0
252,Other,1,0,1
253,Other,1,0,0
254,Other,0,0,0
255,Other,0,0,0
256,Other,0,0,0
257,Other,0,0,0
258,MATH,0,0,0
259,ECON,0,0,0
260,ECON,0,0,0
261,Other,0,0,0
262,DATA,0,0,0
263,ECON,0,0,0
264,DATA,1,0,1
265,Other,1,0,0
266,MATH,0,0,0
267,Other,0,0,0
268,MATH,0,0,0
269,Other,0,0,0
270,PLSC,0,0,0
271,ECON,1,0,0
272,Other,0,0,0
273,BIOS,0,0,0
274,BIOS,1,0,0
275,BIOS,0,0,0
276,BIOS,1,0,0
277,BIOS,0,0,1
278,Other,0,1,0
279,ECON,0,0,0
280,Other,0,1,0
281,Other,0,0,0
282,ECON,0,0,0
283,ECON,0,0,0
284,MATH,0,0,0
285,DATA,0,1,0
286,Other,0,0,0
287,MATH,0,0,0
288,ECON,0,0,0
289,MATH,0,0,0
290,MATH,0,0,0
291,ECON,0,0,0
292,Other,0,0,0
293,Other,0,0,0
294,Other,0,0,0
295,BIOS,0,0,0
296,BIOS,0,0,0
297,Other,0,0,0
298,DATA,0,0,0
299,Other,0,0,0
300,ECON,0,0,0
301,ECON,0,0,0
302,PLSC,0,0,0
303,PLSC,0,0,0
304,ECON,0,0,0
305,Other,1,1,0
306,MATH,0,0,0
307,DATA,1,0,0
308,DATA,0,0,0
309,ECON,0,1,0
310,Other,0,0,0
311,Other,1,0,0
312,Other,0,0,0
313,MATH,0,1,0
314,MATH,0,0,0
315,Other,0,0,0
316,Other,0,0,0
317,ECON,1,0,0
318,PLSC,0,0,0
319,MATH,1,0,0
320,Other,0,0,0
321,MATH,0,0,0
322,DATA,1,1,1
323,Other,0,0,0
324,Other,1,0,0
325,ECON,0,0,0
326,ECON,0,0,0
327,Other,0,0,0
328,ECON,0,0,0
329,PLSC,0,0,0
330,ECON,0,0,0
331,ECON,0,0,0
332,DATA,0,0,0
333,MATH,1,0,0
334,PLSC,0,0,0
335,Other,0,0,0
336,BIOS,0,1,0
337,PLSC,0,0,0
338,ECON,0,0,0
339,Other,1,0,0
340,Other,1,0,0
341,ECON,0,0,0
342,ECON,0,0,0
343,Other,1,0,0
344,Other,1,0,0
345,PLSC,0,0,0
346,ECON,0,0,0
347,Other,0,0,0
348,ECON,0,0,0
349,ECON,0,0,0
350,Other,1,0,0
351,Other,0,0,0
352,DATA,0,0,1
353,BIOS,0,0,0
354,Other,0,0,0
355,Other,1,1,0
356,ECON,0,0,0
357,ECON,1,0,0
358,BIOS,0,0,0
359,DATA,0,1,0
360,Other,0,0,0
361,ECON,1,0,0
362,Other,0,0,0
363,ECON,0,0,0
364,PLSC,0,0,0
365,ECON,0,0,0
366,PLSC,0,0,0
367,ECON,0,0,0
368,ECON,0,0,0
369,BIOS,0,0,0
370,MATH,0,0,0
371,Other,0,0,0
372,BIOS,0,0,0
373,DATA,1,1,0
374,ECON,1,0,0
375,DATA,1,0,0
376,DATA,0,0,0
377,PLSC,0,0,0
378,MATH,1,1,0
379,DATA,0,1,0
380,Other,0,0,0
381,PLSC,1,0,0
382,ECON,1,0,0
383,Other,0,0,0
384,MATH,0,0,0
385,DATA,1,1,0
386,BIOS,0,1,0
387,ECON,0,1,0
388,ECON,0,0,0
389,Other,0,1,0
390,BIOS,0,0,0
391,DATA,1,0,1
392,DATA,0,0,0
393,Other,1,0,0
394,Other,0,1,0
395,MATH,0,0,0
396,ECON,0,1,0
397,Other,0,0,0
398,PLSC,0,0,0
399,Other,1,1,0
400,ECON,0,1,0
401,Other,1,0,0
402,BIOS,1,1,0
403,PLSC,0,0,0
404,Other,0,0,0
405,Other,0,0,0
406,BIOS,0,0,1
407,Other,0,0,0
408,PLSC,0,0,0
409,ECON,0,0,0
410,Other,0,1,0
411,ECON,1,0,0
412,MATH,1,1,0
413,MATH,1,0,0
414,DATA,0,0,0
415,ECON,0,1,0
416,Other,0,0,1
417,Other,0,0,0
418,ECON,0,0,0
419,PLSC,0,0,0
420,Other,1,0,0
421,Other,0,0,0
422,PLSC,0,0,0
423,Other,0,1,0
424,ECON,0,0,0
425,ECON,0,0,0
426,ECON,1,0,0
427,ECON,1,0,0
428,Other,1,1,1
429,Other,0,0,1
430,Other,0,0,0
431,ECON,0,0,0
432,Other,0,1,0
433,Other,1,0,0
434,ECON,0,0,0
435,ECON,0,1,0
436,Other,0,0,1
437,DATA,1,1,0
438,Other,1,0,0
439,ECON,0,0,1
440,Other,0,0,0
441,Other,0,0,0
442,MATH,0,1,0
443,ECON,0,0,0
444,BIOS,0,0,0
445,PLSC,0,0,0
446,Other,0,0,0
447,PLSC,0,0,0
448,MATH,0,0,0
449,ECON,1,0,1
450,ECON,0,0,0
451,ECON,0,0,1
452,Other,0,0,0
453,MATH,0,0,0
454,ECON,0,0,0
455,MATH,1,0,0
456,Other,1,0,0
457,PLSC,0,0,0
458,ECON,1,1,0
459,ECON,0,0,0
460,DATA,0,0,0
461,ECON,0,1,0
462,PLSC,0,0,0
463,Other,0,0,0
464,ECON,0,0,0
465,ECON,0,0,0
466,DATA,0,1,0
467,Other,0,0,0
468,ECON,1,0,0
469,ECON,0,0,0
470,Other,0,0,0
471,DATA,0,0,0
472,DATA,1,0,1
473,ECON,1,0,0
474,ECON,0,0,0
475,Other,0,0,0
476,Other,0,1,0
477,PLSC,0,0,0
478,ECON,0,0,0
479,ECON,0,0,0
480,ECON,1,0,0
481,DATA,1,1,0
482,Other,0,0,0
483,BIOS,0,0,0
484,PLSC,0,0,0
485,Other,0,1,0
486,BIOS,1,0,0
487,BIOS,0,0,0
488,DATA,0,0,0
489,PLSC,0,0,0
490,ECON,0,0,0
491,DATA,0,1,1
492,Other,0,0,0
493,BIOS,0,0,0
494,Other,0,1,0
495,Other,0,0,0
496,DATA,0,0,1
497,Other,0,0,0
498,ECON,1,1,0
499,ECON,0,0,0
500,Other,0,0,0